{
    "w_lines_cleared_move": -0.4702396670038951,
    "w_holes_total": -1.3153216819401385,
    "w_aggregate_height": -0.036941173055023035,
    "w_max_col_height": -0.46451824804859454,
    "w_bumpiness_total": -0.29081139649012616,
    "w_risk_near_top": 0.8858194286701089
}