{
    "w_lines_cleared_move": 1.2202154329238304,
    "w_holes_total": 2.052123095044468,
    "w_aggregate_height": 1.38278078786477,
    "w_max_col_height": -0.41747239575734296,
    "w_bumpiness_total": 0.4208416735581866,
    "w_risk_near_top": -0.11007373180386304
}